id,customer_tweet_id,customer_text,agent_tweet_id,historical_agent_reply,true_intent,true_should_escalate,true_escalation_reason,reason_code,key_resolution_points,human_quality_score
golden_001,2455297,WHY THE HELL IS MY LAPTOP TRIPPEN NOW AFTER I DID THE HIGH SIERRA UPDATE?!?!,2455296,We're happy to offer our assistance! Send us a DM with details about what you're experiencing and we'll take it from there. https://t.co/GDrqU22YpT,software_update_os,False,Auto-Handled: Resolvable via verified knowledge base troubleshooting steps without human intervention.,AUTO_HANDLE,"Identify device model & iOS build; suggest force restart, Settings reset, or official patch.",4
golden_002,321784,"Hey iOS11.0.2 is awful, full of bugs — friends do yourself a solid and DO NOT update your phone until #Apple fixes",321782,We're here to help. DM us more details about the issue and we'll do our best to provide assistance. https://t.co/GDrqU22YpT,software_update_os,False,Auto-Handled: Resolvable via verified knowledge base troubleshooting steps without human intervention.,AUTO_HANDLE,"Identify device model & iOS build; suggest force restart, Settings reset, or official patch.",4
golden_003,5845,Updated iPad Pro to 11.1. Worked on draft email. None of changes saved. Started new email. Saved but disappeared. Help please,5843,We'll help in any way we can. Was this on an https://t.co/coj9FJKJWV email account?,software_update_os,False,Auto-Handled: Resolvable via verified knowledge base troubleshooting steps without human intervention.,AUTO_HANDLE,"Identify device model & iOS build; suggest force restart, Settings reset, or official patch.",4
golden_004,1350630,😠😠😠. This new “update” makes my phone like 40 times a day.... I do not like this.,1350628,We'd be happy to see how we can help. What's going on with your iPhone? Which iPhone and iOS version are you using?,software_update_os,False,Auto-Handled: Resolvable via verified knowledge base troubleshooting steps without human intervention.,AUTO_HANDLE,"Identify device model & iOS build; suggest force restart, Settings reset, or official patch.",4
golden_005,2439712,Hey - when is the keyboard glitch in my iOS going to be fixed. #lame https://t.co/49bLGbQJsR,2439711,We want to help. You may need to backup and update to iOS 11.1.1 on your device. Take a look at this article for help with these steps: https://t.co/ahjigcvFRG,software_update_os,False,Auto-Handled: Resolvable via verified knowledge base troubleshooting steps without human intervention.,AUTO_HANDLE,"Identify device model & iOS build; suggest force restart, Settings reset, or official patch.",4
golden_006,2438499,Need to have an update 🙂💔 https://t.co/wv67VGojOS,2438498,We would be happy to help. What's happening with your iPhone here?,software_update_os,False,Auto-Handled: Resolvable via verified knowledge base troubleshooting steps without human intervention.,AUTO_HANDLE,"Identify device model & iOS build; suggest force restart, Settings reset, or official patch.",4
golden_007,937508,Since I’ve updated my iPhone it’s fucked cheers,937506,We'd like to look into this with you. What's going on?,software_update_os,False,Auto-Handled: Resolvable via verified knowledge base troubleshooting steps without human intervention.,AUTO_HANDLE,"Identify device model & iOS build; suggest force restart, Settings reset, or official patch.",4
golden_008,1970961,"After iOS 11, autocorrect has gone crazy w/ misplaced initial caps - often in middle of setences. Can you dial back?",1970960,Let's work on this together. Which version of iOS 11 do you have installed?,software_update_os,False,Auto-Handled: Resolvable via verified knowledge base troubleshooting steps without human intervention.,AUTO_HANDLE,"Identify device model & iOS build; suggest force restart, Settings reset, or official patch.",4
golden_009,1120616,This ios 11 is messing up my phone😤,1120615,"We're happy to help. To get started, let us know what issue you're experiencing.",software_update_os,False,Auto-Handled: Resolvable via verified knowledge base troubleshooting steps without human intervention.,AUTO_HANDLE,"Identify device model & iOS build; suggest force restart, Settings reset, or official patch.",4
golden_010,33353,#iOS11.1 is taking iPhones into consistent boot loops !! It remains for a couple of hours boot looping over and over then it gets back on again. This happened since the betas. I thought it's a bug but even now with the official 11.1 it happened. https://t.co/Q5vk9E0I0W,33352,Let's get this resolved. Are you still experiencing this issue? Reply in DM to get started. https://t.co/GDrqU22YpT,software_update_os,False,Auto-Handled: Resolvable via verified knowledge base troubleshooting steps without human intervention.,AUTO_HANDLE,"Identify device model & iOS build; suggest force restart, Settings reset, or official patch.",4
golden_011,2585648,why am I getting strange characters in my messages when I use the letter I?,2585647,"An update has been released to assist with this issue. If you haven’t yet, please back up your device and update it to iOS 11.1.2. For more info, check out: https://t.co/4f8hwT5to6",software_update_os,False,Auto-Handled: Resolvable via verified knowledge base troubleshooting steps without human intervention.,AUTO_HANDLE,"Identify device model & iOS build; suggest force restart, Settings reset, or official patch.",4
golden_012,2923655,"I’m not getting notifications, have restarted and updated my phone",2923653,"We'll be happy to help with that. To start, can you tell us if this is happening only with notifications sent from one specific application or from them all? Also, is Do Not Disturb enabled on your iPhone? https://t.co/8HnF4Ksats",software_update_os,False,Auto-Handled: Resolvable via verified knowledge base troubleshooting steps without human intervention.,AUTO_HANDLE,"Identify device model & iOS build; suggest force restart, Settings reset, or official patch.",4
golden_013,850697,keep getting this message whenever I try 2 update apps. This started after I got iOS 11.0.2 today. Restart didn’t help 😕 https://t.co/Qz2xrq6FgF,850696,We're here to help. Let's take this to DM so we can better assist you. https://t.co/GDrqU22YpT,software_update_os,False,Auto-Handled: Resolvable via verified knowledge base troubleshooting steps without human intervention.,AUTO_HANDLE,"Identify device model & iOS build; suggest force restart, Settings reset, or official patch.",4
golden_014,2005703,"what is going on with the new update ? Driving me nuts, making me spell out EYE for the letter I https://t.co/6o9UAyiiHo",2005702,We can help you out. Take a gander at the following article and DM us with any questions. Thanks. https://t.co/xXaXeeSRt9 https://t.co/GDrqU22YpT,software_update_os,False,Auto-Handled: Resolvable via verified knowledge base troubleshooting steps without human intervention.,AUTO_HANDLE,"Identify device model & iOS build; suggest force restart, Settings reset, or official patch.",4
golden_015,1546700,This macOS high sierra update is stressing me out. All night this shit didn’t install. Help,1546698,We'd love to work on getting macOS High Sierra installed properly with you. Which Mac are you trying to install it on? Did you run into any specific errors when trying to install High Sierra?,software_update_os,False,Auto-Handled: Resolvable via verified knowledge base troubleshooting steps without human intervention.,AUTO_HANDLE,"Identify device model & iOS build; suggest force restart, Settings reset, or official patch.",4
golden_016,1868442,Your new update has completely ruined my phone that I’ve had for no longer than a year.,1868441,We want to be sure you're enjoying your iPhone with iOS 11. DM us and let us know more about the issues you're experiencing. https://t.co/GDrqU22YpT,software_update_os,False,Auto-Handled: Resolvable via verified knowledge base troubleshooting steps without human intervention.,AUTO_HANDLE,"Identify device model & iOS build; suggest force restart, Settings reset, or official patch.",4
golden_017,909796,can you fix the way IOS 11 displays Excel files through the Mail app on iPhone? It distorts the formatting.,909795,We'd like to look into this. Please click here to join us in DM: https://t.co/GDrqU22YpT,software_update_os,False,Auto-Handled: Resolvable via verified knowledge base troubleshooting steps without human intervention.,AUTO_HANDLE,"Identify device model & iOS build; suggest force restart, Settings reset, or official patch.",4
golden_018,36044,When the update will be available? iOS 11.1 .,36042,iOS 11.1 is available now. You can update using the steps here: https://t.co/80YRnjDFDk,software_update_os,False,Auto-Handled: Resolvable via verified knowledge base troubleshooting steps without human intervention.,AUTO_HANDLE,"Identify device model & iOS build; suggest force restart, Settings reset, or official patch.",4
golden_019,2136708,My new iPhone 7 running IOS 11 converts a singular capitalized “I” into an “A” aside a box with a “?” in it. What’s the fix?,2136706,We know how important it is to have what you type come out correctly. Refer to these steps: https://t.co/gKAEL4wRnw,software_update_os,False,Auto-Handled: Resolvable via verified knowledge base troubleshooting steps without human intervention.,AUTO_HANDLE,"Identify device model & iOS build; suggest force restart, Settings reset, or official patch.",4
golden_020,2520758,"updated my iPhone and now all my iTunes music is edited, all explicit is gone. Why???",2520756,Thanks for reaching out to us for support. Can you please tell us which version of iOS you are currently running?,software_update_os,False,Auto-Handled: Resolvable via verified knowledge base troubleshooting steps without human intervention.,AUTO_HANDLE,"Identify device model & iOS build; suggest force restart, Settings reset, or official patch.",4
golden_021,262588,I shouldn’t have to turn my phone on and off every time it freezes because of this update iOS 11.0.2! Freezing every second 😤,262586,We want to make sure you enjoy using your iPhone. We're happy to help. Does this issue happen when you use specific apps?,software_update_os,False,Auto-Handled: Resolvable via verified knowledge base troubleshooting steps without human intervention.,AUTO_HANDLE,"Identify device model & iOS build; suggest force restart, Settings reset, or official patch.",4
golden_022,2063317,"after adding songs on Apple Music, it does not add it to my recently added playlist. Is this a bug? https://t.co/Vyq55trffX",2063316,We appreciate you letting us know about your Apple Music. Please DM your model phone and country. We'll get started https://t.co/GDrqU22YpT,software_update_os,False,Auto-Handled: Resolvable via verified knowledge base troubleshooting steps without human intervention.,AUTO_HANDLE,"Identify device model & iOS build; suggest force restart, Settings reset, or official patch.",4
golden_023,2312087,iOS 11 System using almost 44GB on my iPhone? Seriously? https://t.co/II22uXPQPM,2312086,Thank you for bringing this to our attention. We’d like to gather some additional details from you. Please meet us in a DM. We’ll go from there: https://t.co/GDrqU22YpT,software_update_os,False,Auto-Handled: Resolvable via verified knowledge base troubleshooting steps without human intervention.,AUTO_HANDLE,"Identify device model & iOS build; suggest force restart, Settings reset, or official patch.",4
golden_024,750018,Eye never realized how much eye say eye until this damn glitch. And still nothing from !!!!!,750017,"We're here for you. Send us a DM, and we'll discuss this further there: https://t.co/GDrqU22YpT",software_update_os,False,Auto-Handled: Resolvable via verified knowledge base troubleshooting steps without human intervention.,AUTO_HANDLE,"Identify device model & iOS build; suggest force restart, Settings reset, or official patch.",4
golden_025,208891,Notifications appear several days after ... Normal !? iPhone 7 under IOS 11.0.2 https://t.co/x944pNvia4,208890,We'd be happy to take a look into this with you. Send us a DM and we'll get started on this. https://t.co/GDrqU22YpT,software_update_os,False,Auto-Handled: Resolvable via verified knowledge base troubleshooting steps without human intervention.,AUTO_HANDLE,"Identify device model & iOS build; suggest force restart, Settings reset, or official patch.",4
golden_026,2652557,I’ve updated my phone and I STILL see question marks inside boxes,2652556,We want to help. DM us and we'll meet you there. https://t.co/GDrqU22YpT,software_update_os,False,Auto-Handled: Resolvable via verified knowledge base troubleshooting steps without human intervention.,AUTO_HANDLE,"Identify device model & iOS build; suggest force restart, Settings reset, or official patch.",4
golden_027,2647373,watch updated last night but it did not fix the stand problem it is still not telling me to stand and yes the feature is turned on,2647372,"Let's see why you aren't receiving those reminders. If you go to the Watch App > Health > Wheelchair, is the wheelchair status set to either enabled or disabled? If it's not set to either, you won't receive any reminders.",software_update_os,False,Auto-Handled: Resolvable via verified knowledge base troubleshooting steps without human intervention.,AUTO_HANDLE,"Identify device model & iOS build; suggest force restart, Settings reset, or official patch.",4
golden_028,2105939,Ommmmggggggg screw this i glitch -.- FIX IT,2105938,Here’s what you can do to work around the issue until it’s fixed in a future software update: https://t.co/xXaXeeSRt9,software_update_os,False,Auto-Handled: Resolvable via verified knowledge base troubleshooting steps without human intervention.,AUTO_HANDLE,"Identify device model & iOS build; suggest force restart, Settings reset, or official patch.",4
golden_029,2371214,screen notification bug? https://t.co/7Beg7T4seu,2371212,Thanks for showing us this image. We'd love to look deeper into this concern with you and find a resolution. Can you let us know the iOS version? Have you tried toggling the Show Previews option?,software_update_os,False,Auto-Handled: Resolvable via verified knowledge base troubleshooting steps without human intervention.,AUTO_HANDLE,"Identify device model & iOS build; suggest force restart, Settings reset, or official patch.",4
golden_030,503586,"My MacBook Pro keeps freezing, can’t get anything done. What’s up?! And yes I have the newest version.",503584,"We're here to help get this resolved. To get started, is this occurring at random or when using a specific application?",software_update_os,False,Auto-Handled: Resolvable via verified knowledge base troubleshooting steps without human intervention.,AUTO_HANDLE,"Identify device model & iOS build; suggest force restart, Settings reset, or official patch.",4
golden_031,2347532,battery 🔋 drain is real on my new iPhone 8 Plus since installing 11.1 😤 please tell me a fix is coming soon.,2347530,We have help! iOS 11.1.1 was recently released and we'd recommend starting with that update. We suggest backing up first before updating. Let us know afterwards if the issue persists. How to back up: https://t.co/ui8Itz8ESg,battery_performance,False,Auto-Handled: Resolvable via verified knowledge base troubleshooting steps without human intervention.,AUTO_HANDLE,Ask for battery health percentage; advise checking background app usage and low power settings.,4
golden_032,1281430,surprised and annoyed that since the last enforced upgrade my newish phone is draining battery. I’m not the only 1!,1281429,We're here for you to get the most out of your iPhone's battery. Which model is it and is iOS 11.0.3 the version installed?,battery_performance,False,Auto-Handled: Resolvable via verified knowledge base troubleshooting steps without human intervention.,AUTO_HANDLE,Ask for battery health percentage; advise checking background app usage and low power settings.,4
golden_033,2060312,Your upgrade sucks. My 6 runs 10x slower with half the battery life. Thanks,2060310,Let’s team up on this situation. Could you let us know more details via a DM? We’ll keep moving forward from there. https://t.co/GDrqU22YpT,battery_performance,False,Auto-Handled: Resolvable via verified knowledge base troubleshooting steps without human intervention.,AUTO_HANDLE,Ask for battery health percentage; advise checking background app usage and low power settings.,4
golden_034,2986577,iOS 11.2 shame on battery,2986576,"We understand how important battery life is on your iOS device! Send us a DM with the model of device we're working with, and we'll take a closer look at the issue together there. https://t.co/GDrqU22YpT",battery_performance,False,Auto-Handled: Resolvable via verified knowledge base troubleshooting steps without human intervention.,AUTO_HANDLE,Ask for battery health percentage; advise checking background app usage and low power settings.,4
golden_035,2271642,"Since updating to 11.1.2, my 5S loses almost one percentage point a minute, even when no apps are running. If I listen to music, I've got about an hour, tops. A text eats up a good 5%. My battery does not need service. When are you releasing a fix? This is madness.",2271640,That's certainly not normal behavior at all. We know how important your battery is and we'll be happy to troubleshoot this with you. The iPhone has the ability to self-diagnose some battery concerns. Do you see this service battery message? https://t.co/KyywFa9iZ3,battery_performance,False,Auto-Handled: Resolvable via verified knowledge base troubleshooting steps without human intervention.,AUTO_HANDLE,Ask for battery health percentage; advise checking background app usage and low power settings.,4
golden_036,1753279,Hi! AirPods appear to be either not charging correctly or losing battery fast. This is recent behavior. (1),1753277,How long are they lasting for you with playback? DM us and we'll research this further. https://t.co/GDrqU22YpT,battery_performance,False,Auto-Handled: Resolvable via verified knowledge base troubleshooting steps without human intervention.,AUTO_HANDLE,Ask for battery health percentage; advise checking background app usage and low power settings.,4
golden_037,739426,Does ever reply to anyone about the battery issues they are having or any other issues with #IOS11 ? I don’t see many if any.,739425,We'd be glad to look into your battery with you. Send us a DM letting us know what you're experiencing: https://t.co/GDrqU22YpT,battery_performance,False,Auto-Handled: Resolvable via verified knowledge base troubleshooting steps without human intervention.,AUTO_HANDLE,Ask for battery health percentage; advise checking background app usage and low power settings.,4
golden_038,1275154,my phone battery just went down 5% in less than a minute fix it please,1275153,Let's look into that. Send us a DM and we'll go from there. https://t.co/GDrqU22YpT,battery_performance,False,Auto-Handled: Resolvable via verified knowledge base troubleshooting steps without human intervention.,AUTO_HANDLE,Ask for battery health percentage; advise checking background app usage and low power settings.,4
golden_039,1544126,"if I were 2 be stranded on an island with this new update on my phone, I’d be shit out of luck within 25 mins. No battery life",1544125,Let's meet up in DM and discuss what you're seeing with battery life in greater detail so we may help. https://t.co/GDrqU22YpT,battery_performance,False,Auto-Handled: Resolvable via verified knowledge base troubleshooting steps without human intervention.,AUTO_HANDLE,Ask for battery health percentage; advise checking background app usage and low power settings.,4
golden_040,1808934,updated software & now my battery is draining super quick... why?,1808933,"We’d love to help with your battery life. To start, send us a DM with which device and exact software version you’re using. https://t.co/GDrqU22YpT",battery_performance,False,Auto-Handled: Resolvable via verified knowledge base troubleshooting steps without human intervention.,AUTO_HANDLE,Ask for battery health percentage; advise checking background app usage and low power settings.,4
golden_041,1625365,"Never buying an iPhone again. New update drains my battery, had 100% couple hours ago, now on 4% Such an awful company",1625364,We’d love to work together on your battery. Let us know in DM if it’s fully updated to iOS 11.1. https://t.co/GDrqU22YpT,battery_performance,False,Auto-Handled: Resolvable via verified knowledge base troubleshooting steps without human intervention.,AUTO_HANDLE,Ask for battery health percentage; advise checking background app usage and low power settings.,4
golden_042,1932870,"- iPhone 6S, Battery life non-existent after latest update. Any relief in sight?",1932868,We'll gladly help with your iPhone battery. Are you using iOS 11.0.3? When did you notice this first start? Let us know in DM. https://t.co/GDrqU22YpT,battery_performance,False,Auto-Handled: Resolvable via verified knowledge base troubleshooting steps without human intervention.,AUTO_HANDLE,Ask for battery health percentage; advise checking background app usage and low power settings.,4
golden_043,2576920,"once again my phone is dropping battery without being used and also very hot, please advise.",2576918,We're glad to look into this with you. Please DM us. Let us know which version of iOS you're using & any steps you've tried. https://t.co/GDrqU22YpT,battery_performance,False,Auto-Handled: Resolvable via verified knowledge base troubleshooting steps without human intervention.,AUTO_HANDLE,Ask for battery health percentage; advise checking background app usage and low power settings.,4
golden_044,2789180,My phone battery drains soooooo quickly!! someone help me!!,2789179,We're here to help! Which iPhone and iOS version are you using? How quickly is your battery draining? How often do you have to charge your device in a day?,battery_performance,False,Auto-Handled: Resolvable via verified knowledge base troubleshooting steps without human intervention.,AUTO_HANDLE,Ask for battery health percentage; advise checking background app usage and low power settings.,4
golden_045,1926997,11.0.3 battery updated to 11.0.3 this a.m. and now iphone 6 battery % is ticking down like a timer....crap update !!!,1926996,"Let us know via DM which country you are currently in, then we can take a look in to this with you from there. https://t.co/GDrqU22YpT",battery_performance,False,Auto-Handled: Resolvable via verified knowledge base troubleshooting steps without human intervention.,AUTO_HANDLE,Ask for battery health percentage; advise checking background app usage and low power settings.,4
golden_046,366160,upgraded to iOS11.02 and watched my battery plummet from 50% to 2% in less than 10 minutes! Hope this is being sorted?!,366158,"We know how important battery life is, and we want to help! Which device are we working with?",battery_performance,False,Auto-Handled: Resolvable via verified knowledge base troubleshooting steps without human intervention.,AUTO_HANDLE,Ask for battery health percentage; advise checking background app usage and low power settings.,4
golden_047,2039246,Dear will there be any bug fixes soon regarding the battery life? IOS11 is #draining my phones life 😭,2039245,Thanks for reaching out to us. We are always happy to help. Send us a DM so we can look into this together. https://t.co/GDrqU22YpT,battery_performance,False,Auto-Handled: Resolvable via verified knowledge base troubleshooting steps without human intervention.,AUTO_HANDLE,Ask for battery health percentage; advise checking background app usage and low power settings.,4
golden_048,1941112,can you guys fix this update? My iPhone battery is dying like no tomorrow...,1941111,Your battery life is important to us. We'd like to look into this with you. Please DM us to get started. https://t.co/GDrqU22YpT,battery_performance,False,Auto-Handled: Resolvable via verified knowledge base troubleshooting steps without human intervention.,AUTO_HANDLE,Ask for battery health percentage; advise checking background app usage and low power settings.,4
golden_049,1802972,Ios 11.0.3 is unbelievable!!! The battery decreases too much in just few minutes!!! It goes from 70 to 53 in just few seconds,1802971,We know how important it is to have a reliable battery when you need it most. Send us a DM and we will go from there. https://t.co/GDrqU22YpT,battery_performance,False,Auto-Handled: Resolvable via verified knowledge base troubleshooting steps without human intervention.,AUTO_HANDLE,Ask for battery health percentage; advise checking background app usage and low power settings.,4
golden_050,1047276,"Hi, Is it just my watch or is the watchOS4 a fast drainer of my battery life?",1047275,We can help look into the root cause as to why this is occurring. Send us a DM to get started. https://t.co/GDrqU22YpT,battery_performance,False,Auto-Handled: Resolvable via verified knowledge base troubleshooting steps without human intervention.,AUTO_HANDLE,Ask for battery health percentage; advise checking background app usage and low power settings.,4
golden_051,2508180,"iOS 11 significantly slowed down my 7+ all of my apps are slower and laggy. And my batter drops way too fast, it’s practically killing my battery.",2508178,"You're in the right place for help. We know how important it is to get the performance and battery life that's expected from your iPhone. So we may provide the best support, let us know the exact iOS version and we'll go from there.",battery_performance,False,Auto-Handled: Resolvable via verified knowledge base troubleshooting steps without human intervention.,AUTO_HANDLE,Ask for battery health percentage; advise checking background app usage and low power settings.,4
golden_052,1482987,"somehow 11.1 is worse than 11. Phone freezes constantly, dying at 40%, not getting calls! Tell your engineers they suck.",1482986,Let's take a look at this further. Send us which iPhone model and your country to get started. https://t.co/GDrqU22YpT,battery_performance,False,Auto-Handled: Resolvable via verified knowledge base troubleshooting steps without human intervention.,AUTO_HANDLE,Ask for battery health percentage; advise checking background app usage and low power settings.,4
golden_053,2060645,battery drains on my iPhone 6s very quickly since upgrade..help please?,2060644,We'll be more than happy to help you out. Can you give us some insight into what's going on with your battery via DM? https://t.co/GDrqU22YpT,battery_performance,False,Auto-Handled: Resolvable via verified knowledge base troubleshooting steps without human intervention.,AUTO_HANDLE,Ask for battery health percentage; advise checking background app usage and low power settings.,4
golden_054,199360,i just saw my battery go from 100% to 88% in like 5 to 10 minutes of use...Fix IOS11 PLEASE before it damages my battery,199359,We'd like to help. What's the exact iOS version do you have installed? Its located at Settings > General > About > Version.,battery_performance,False,Auto-Handled: Resolvable via verified knowledge base troubleshooting steps without human intervention.,AUTO_HANDLE,Ask for battery health percentage; advise checking background app usage and low power settings.,4
golden_055,763634,Is there ANY solution to fixing my iPhone 6 battery life? It has become absolute horrible. I can't make it past mid noon...,763631,We'd love to help with your battery life! Which version of iOS are you using under Settings > General > About?,battery_performance,False,Auto-Handled: Resolvable via verified knowledge base troubleshooting steps without human intervention.,AUTO_HANDLE,Ask for battery health percentage; advise checking background app usage and low power settings.,4
golden_056,1977413,This is just too much. Even if I type the right password it doesn’t work. Please help. https://t.co/PYNqrWcrcs,1977412,We want to help. DM us what happens when you enter your password and if it works elsewhere. We'll look into this with you. https://t.co/GDrqU22YpT,account_apple_id_security,True,"Account Security: Account recovery, credentials, or potential security breach requires private identity verification.",ACCOUNT_SECURITY,Direct to iforgot.apple.com or private verification channel; do not ask for credentials publicly.,4
golden_057,2179613,Was wondering if there are fake emails going around just got one saying my apple id password was reset and attached was a PDF file,2179612,"We'd love to look into that with you. Please send us a DM, and we'll work together from there. https://t.co/GDrqU22YpT",account_apple_id_security,True,"Account Security: Account recovery, credentials, or potential security breach requires private identity verification.",ACCOUNT_SECURITY,Direct to iforgot.apple.com or private verification channel; do not ask for credentials publicly.,4
golden_058,729297,"my Apple ID has been disabled several times in the past, I set up a new one and disabled straight away, what can I do?",729296,"Thanks for contacting us, we can help you. Check out and follow the steps in this support article: https://t.co/HH37urdbz9",account_apple_id_security,True,"Account Security: Account recovery, credentials, or potential security breach requires private identity verification.",ACCOUNT_SECURITY,Direct to iforgot.apple.com or private verification channel; do not ask for credentials publicly.,4
golden_059,1907882,"What is wrong with ""Manage your Apple ID"" localization? https://t.co/RVFXmswQJ5",1907881,We’d like to help figure this out. In order to look at your account further please reach out to us here: https://t.co/SDIe7UiyJN,account_apple_id_security,True,"Account Security: Account recovery, credentials, or potential security breach requires private identity verification.",ACCOUNT_SECURITY,Direct to iforgot.apple.com or private verification channel; do not ask for credentials publicly.,4
golden_060,1278161,my Apple watch stuck to Japan time zone after my iPhone was stolen and I am back to Switzerland. Pls help ?,1278160,We’re sorry to hear about your iPhone. Have you had a chance to restart your Apple Watch since noticing this?,account_apple_id_security,True,"Account Security: Account recovery, credentials, or potential security breach requires private identity verification.",ACCOUNT_SECURITY,Direct to iforgot.apple.com or private verification channel; do not ask for credentials publicly.,4
golden_061,121571,please why does my phone ask for my Apple ID almost every time I want to open an app and then crash,121570,Let's look into that. Send us a DM and we'll go from there. https://t.co/GDrqU22YpT,account_apple_id_security,True,"Account Security: Account recovery, credentials, or potential security breach requires private identity verification.",ACCOUNT_SECURITY,Direct to iforgot.apple.com or private verification channel; do not ask for credentials publicly.,4
golden_062,1367071,"iPhone: ""Enter device password"". What is the device password? #iphone #ios https://t.co/LG8SsyJu6d",1367070,We want to help. Let us know what has prompted this message on your iPhone.,account_apple_id_security,True,"Account Security: Account recovery, credentials, or potential security breach requires private identity verification.",ACCOUNT_SECURITY,Direct to iforgot.apple.com or private verification channel; do not ask for credentials publicly.,4
golden_063,1297982,hello my Mum has been hacked can someone message me please? Thanks,1297981,We want to help. DM us more details here: https://t.co/GDrqU22YpT,account_apple_id_security,True,"Account Security: Account recovery, credentials, or potential security breach requires private identity verification.",ACCOUNT_SECURITY,Direct to iforgot.apple.com or private verification channel; do not ask for credentials publicly.,4
golden_064,1927621,Need to edit an address on my iPhone order but chat and phones are all disabled? Help.,1927620,"Are you able to edit the address for your order using this link? https://t.co/jr7MZtpSNY If you can't change it there, please DM us. https://t.co/GDrqU22YpT",account_apple_id_security,True,"Account Security: Account recovery, credentials, or potential security breach requires private identity verification.",ACCOUNT_SECURITY,Direct to iforgot.apple.com or private verification channel; do not ask for credentials publicly.,4
golden_065,2731294,Can you combine 2 Apple ID’s?,2731293,"We'd be happy to answer that for you. If you have multiple Apple IDs, you can’t merge them. You can read more at our website here: https://t.co/ckptoWI7iV",account_apple_id_security,True,"Account Security: Account recovery, credentials, or potential security breach requires private identity verification.",ACCOUNT_SECURITY,Direct to iforgot.apple.com or private verification channel; do not ask for credentials publicly.,4
golden_066,2834366,my husband's iPhone was stolen and has turned up in Pakistan- what can he do? Thanks https://t.co/T2e55VsHqf,2834365,We want to everything we can to help you. Here are some steps to follow when your phone is lost or stolen. https://t.co/fUoKdx4Yut,account_apple_id_security,True,"Account Security: Account recovery, credentials, or potential security breach requires private identity verification.",ACCOUNT_SECURITY,Direct to iforgot.apple.com or private verification channel; do not ask for credentials publicly.,4
golden_067,2647160,Why is this section Disabled ? Can someone calls me back at Germany ? https://t.co/BBIkxZPwCC,2647159,"We can help. Looks like you have Low Power Mode enabled which means some tasks might not work until you turn off Low Power Mode, or until you charge your iPhone to 80% or higher. Turn off Low Power mode, and let us know if this continues; https://t.co/VtbR4hS4qv",account_apple_id_security,True,"Account Security: Account recovery, credentials, or potential security breach requires private identity verification.",ACCOUNT_SECURITY,Direct to iforgot.apple.com or private verification channel; do not ask for credentials publicly.,4
golden_068,1630078,Please help is this real? Looks like is trying to activate my stolen phone. https://t.co/IKJx96Tcq0,1630077,Please send us a DM to find out some more information. https://t.co/GDrqU22YpT,account_apple_id_security,True,"Account Security: Account recovery, credentials, or potential security breach requires private identity verification.",ACCOUNT_SECURITY,Direct to iforgot.apple.com or private verification channel; do not ask for credentials publicly.,4
golden_069,2920047,why do I need to approve my iCloud from another fucking device after you ask for password & pin code... y’all annoying,2920046,"We'd like to help. Tell us more about what led up to this. Also, which devices are you using?",account_apple_id_security,True,"Account Security: Account recovery, credentials, or potential security breach requires private identity verification.",ACCOUNT_SECURITY,Direct to iforgot.apple.com or private verification channel; do not ask for credentials publicly.,4
golden_070,2001795,please how do I repair with a disabled iPhone ?,2001794,We'd like to look into this with you. Could you Direct Message us and let us know what it shows on the iPhone screen? https://t.co/GDrqU22YpT,account_apple_id_security,True,"Account Security: Account recovery, credentials, or potential security breach requires private identity verification.",ACCOUNT_SECURITY,Direct to iforgot.apple.com or private verification channel; do not ask for credentials publicly.,4
golden_071,127648,Need to reset my apple password. How do I do that quickly?,127647,"Thanks so much for reaching out! For steps on how to reset your password, take a look at this article here: https://t.co/fJnZYmbI9N If you have any other questions reach out to us in DM using the link below. https://t.co/GDrqU22YpT",account_apple_id_security,True,"Account Security: Account recovery, credentials, or potential security breach requires private identity verification.",ACCOUNT_SECURITY,Direct to iforgot.apple.com or private verification channel; do not ask for credentials publicly.,4
golden_072,312840,So my iPhone 6 is not letting me restore or update my phone while it’s locked on disabled mode... I need help #anyone,312838,We're here to help. Send us a DM and we'll work on this together. https://t.co/GDrqU22YpT,account_apple_id_security,True,"Account Security: Account recovery, credentials, or potential security breach requires private identity verification.",ACCOUNT_SECURITY,Direct to iforgot.apple.com or private verification channel; do not ask for credentials publicly.,4
golden_073,1786835,Hey it would be nice if you stopped getting my wife's debit card hacked. why does this keep happening?,1786833,"Thanks for reaching out. If you're getting unauthorized billing notices, contact our iTunes Store group: https://t.co/SDIe7UiyJN",account_apple_id_security,True,"Account Security: Account recovery, credentials, or potential security breach requires private identity verification.",ACCOUNT_SECURITY,Direct to iforgot.apple.com or private verification channel; do not ask for credentials publicly.,4
golden_074,2414397,Fuck iPads I'm forever disabled from my iPad gr8888,2414395,"Let's take a look at this together! To start, have you tried using these steps to resolve the behavior: https://t.co/CPIXyxe7mK",account_apple_id_security,True,"Account Security: Account recovery, credentials, or potential security breach requires private identity verification.",ACCOUNT_SECURITY,Direct to iforgot.apple.com or private verification channel; do not ask for credentials publicly.,4
golden_075,1714094,So annoyed that ever since I downloaded iOS 11 I haven’t been able to log into use my Apple ID,1714093,Let's look into this for you. What happens when you attempt to log in? Let us know in DM. https://t.co/GDrqU22YpT,account_apple_id_security,True,"Account Security: Account recovery, credentials, or potential security breach requires private identity verification.",ACCOUNT_SECURITY,Direct to iforgot.apple.com or private verification channel; do not ask for credentials publicly.,4
golden_076,1442452,I’m about to cry because I can’t verify my Apple ID thing cause my number changed ... I NEED my pictures 😒,1442451,We'll do all we can to help you with your iCloud issue. Please DM us more about what is happening. https://t.co/GDrqU22YpT,account_apple_id_security,True,"Account Security: Account recovery, credentials, or potential security breach requires private identity verification.",ACCOUNT_SECURITY,Direct to iforgot.apple.com or private verification channel; do not ask for credentials publicly.,4
golden_077,621797,I’m struggling to recover my apple id password. Last time i tried to recover it through my mobile number it didn’t work,621796,We'd need to get you to our Apple ID support over the phones. They can be reached here: https://t.co/UJm15vmMM2,account_apple_id_security,True,"Account Security: Account recovery, credentials, or potential security breach requires private identity verification.",ACCOUNT_SECURITY,Direct to iforgot.apple.com or private verification channel; do not ask for credentials publicly.,4
golden_078,595783,I have an iPhone locked with iCloud and I don't know the email and password also I can reach to the person who set up the iPhone when I buy it! can you help me please ):,595782,Thanks for reaching out. We want to help. You will have to have the previous owner unlock the phone. Here is more information: https://t.co/yFrcT36syx,account_apple_id_security,True,"Account Security: Account recovery, credentials, or potential security breach requires private identity verification.",ACCOUNT_SECURITY,Direct to iforgot.apple.com or private verification channel; do not ask for credentials publicly.,4
golden_079,59606,"Uhhhh , this you? 🤔 why is it saying my Apple ID will be disabled? https://t.co/onVhJjkYAU",59605,"This isn't us, and we'd love to see it. You can forward it to the address in this article: https://t.co/LNMCdqt6fD",account_apple_id_security,True,"Account Security: Account recovery, credentials, or potential security breach requires private identity verification.",ACCOUNT_SECURITY,Direct to iforgot.apple.com or private verification channel; do not ask for credentials publicly.,4
golden_080,1035580,"I'm still having keychain issues after the recent update. Endless password requests, all passwords on all accounts have",1035579,"Reach out to us via DM, then we can direct you on this from there. https://t.co/GDrqU22YpT",account_apple_id_security,True,"Account Security: Account recovery, credentials, or potential security breach requires private identity verification.",ACCOUNT_SECURITY,Direct to iforgot.apple.com or private verification channel; do not ask for credentials publicly.,4
golden_081,768318,any way I can know my iphone hardware health?,768317,Thanks for reaching out. We want to help. Can you tell us more about what you are experiencing?,hardware_repair_service,True,Physical Hardware: Device damage or hardware failure requires in-store Genius Bar or depot inspection.,HARDWARE_REPAIR,Provide Genius Bar / Apple Authorized Service Provider appointment link; explain warranty/diagnostic evaluation.,4
golden_082,1482972,"i dropped my iPhone 7 and the glass on the rear camera cracked, how much will it cost to fix it? (Am from mexico btw)",1482971,We're here to help. DM us the country you're currently located in and we'll take it from there. https://t.co/GDrqU22YpT,hardware_repair_service,True,Physical Hardware: Device damage or hardware failure requires in-store Genius Bar or depot inspection.,HARDWARE_REPAIR,Provide Genius Bar / Apple Authorized Service Provider appointment link; explain warranty/diagnostic evaluation.,4
golden_083,2677923,i want to set up an appointment at the Philadelphia genius bar. how can i do that?,2677922,We love to help with any issue you're experiencing. What's going on? Reservations can be made here: https://t.co/ugGWwe3u7S,hardware_repair_service,True,Physical Hardware: Device damage or hardware failure requires in-store Genius Bar or depot inspection.,HARDWARE_REPAIR,Provide Genius Bar / Apple Authorized Service Provider appointment link; explain warranty/diagnostic evaluation.,4
golden_084,2401243,"hello,is it possible to take out apple care after your phone has cracked but you are still within 60 days of purchase? #apple",2401242,We'd love to help answer your questions. Shoot us over a Direct Message and we'll see how we can assist. https://t.co/GDrqU22YpT,hardware_repair_service,True,Physical Hardware: Device damage or hardware failure requires in-store Genius Bar or depot inspection.,HARDWARE_REPAIR,Provide Genius Bar / Apple Authorized Service Provider appointment link; explain warranty/diagnostic evaluation.,4
golden_085,617169,"This is just frustrating: I picked up my new iPhone from local store less than a week ago. I made sure to buy a screen protector at the store. Today the protector cracked, I didn’t drop it or anything. Not sure what to do? what do I do?!?",617168,You've come to the right place! We're glad to get you pointed in the right direction here. Please DM us and let us know which country you're tweeting from so that we can look into your options. https://t.co/GDrqU22YpT,hardware_repair_service,True,Physical Hardware: Device damage or hardware failure requires in-store Genius Bar or depot inspection.,HARDWARE_REPAIR,Provide Genius Bar / Apple Authorized Service Provider appointment link; explain warranty/diagnostic evaluation.,4
golden_086,1778446,Any help with a broken screen/Digitiser due to a faulty shell on my 9 month old iPhone 7,1778445,Let's look into this together. Please DM us. https://t.co/GDrqU22YpT,hardware_repair_service,True,Physical Hardware: Device damage or hardware failure requires in-store Genius Bar or depot inspection.,HARDWARE_REPAIR,Provide Genius Bar / Apple Authorized Service Provider appointment link; explain warranty/diagnostic evaluation.,4
golden_087,563028,bought a iphone 7 a month ago the display glass cracked just by keeping in my denims can u guys help me with that,563026,We're happy to see what options we have available. Please DM us your current country and we'll move forward. https://t.co/GDrqU22YpT,hardware_repair_service,True,Physical Hardware: Device damage or hardware failure requires in-store Genius Bar or depot inspection.,HARDWARE_REPAIR,Provide Genius Bar / Apple Authorized Service Provider appointment link; explain warranty/diagnostic evaluation.,4
golden_088,1802255,need to make an appointment to fix my phone that wont turn on yet your genius bar reservation requires a code sent to my phone,1802254,Sounds like two factor authentication is turned on. We got your back. Please DM us and we can work on setting up a reservation. https://t.co/GDrqU22YpT,hardware_repair_service,True,Physical Hardware: Device damage or hardware failure requires in-store Genius Bar or depot inspection.,HARDWARE_REPAIR,Provide Genius Bar / Apple Authorized Service Provider appointment link; explain warranty/diagnostic evaluation.,4
golden_089,2439710,"Very disappointed that kept my student daughter, , on extended call about defective power cord by collecting all hardware info, serial no, etc only to say they couldn’t help because it was a call & she should into a store over an hour away.",2439709,"Thanks for reaching out to us. We can certainly take a look at this with you. For your privacy, let's up in DM to collect some additional details. https://t.co/GDrqU22YpT",hardware_repair_service,True,Physical Hardware: Device damage or hardware failure requires in-store Genius Bar or depot inspection.,HARDWARE_REPAIR,Provide Genius Bar / Apple Authorized Service Provider appointment link; explain warranty/diagnostic evaluation.,4
golden_090,2795924,My iPhone X wont focus on 2x zoom when I try to take a picture. I took it to the Apple Store and was told it wasn’t a hardware issue but they can have the camera replaced. Any suggestions? #Help,2795923,Taking your iPhone into the Apple Store is definitely a great way to get help. Send us a DM and let us know whether you left your iPhone at the store for service. https://t.co/GDrqU22YpT,hardware_repair_service,True,Physical Hardware: Device damage or hardware failure requires in-store Genius Bar or depot inspection.,HARDWARE_REPAIR,Provide Genius Bar / Apple Authorized Service Provider appointment link; explain warranty/diagnostic evaluation.,4
golden_091,1400563,"MacBook Pro with touchbar rattle noise, has anybody experienced that? I took it to the Genius Bar but it so loud at the store that it’s hard to hear it. Cc: see video https://t.co/uH4SwSH6pA",1400561,We know unexpected noises can be a concern and we'll be happy to look into this. Was the store able to determine anything during your visit?,hardware_repair_service,True,Physical Hardware: Device damage or hardware failure requires in-store Genius Bar or depot inspection.,HARDWARE_REPAIR,Provide Genius Bar / Apple Authorized Service Provider appointment link; explain warranty/diagnostic evaluation.,4
golden_092,1660038,dropped my iPhone 7.. the screen of my phone cracked and my screen protector is unharmed... any thoughts?,1660037,We can help you explore your support options. Let’s team up in DM and we’ll do our best to assist you. https://t.co/GDrqU22YpT,hardware_repair_service,True,Physical Hardware: Device damage or hardware failure requires in-store Genius Bar or depot inspection.,HARDWARE_REPAIR,Provide Genius Bar / Apple Authorized Service Provider appointment link; explain warranty/diagnostic evaluation.,4
golden_093,2045245,my watch battery expanded and popped the screen off. How do I make a Genius Bar appointment? I can't find on your website.,2045244,"Hi, we're sorry to hear about your Apple Watch. What country are you in? DM us back, we'll see what we can from there. https://t.co/GDrqU22YpT",hardware_repair_service,True,Physical Hardware: Device damage or hardware failure requires in-store Genius Bar or depot inspection.,HARDWARE_REPAIR,Provide Genius Bar / Apple Authorized Service Provider appointment link; explain warranty/diagnostic evaluation.,4
golden_094,1175765,"Hi,the front of my Apple Watch is coming off. I’ve not dropped/cracked it, it’s like the face has been sliced.Is this common?What should I do? Thx",1175764,Thanks for reaching out to us. Let's meet up in DM to examine this more closely. https://t.co/GDrqU22YpT,hardware_repair_service,True,Physical Hardware: Device damage or hardware failure requires in-store Genius Bar or depot inspection.,HARDWARE_REPAIR,Provide Genius Bar / Apple Authorized Service Provider appointment link; explain warranty/diagnostic evaluation.,4
golden_095,2652495,Can I still get an appointment today ave/NYC store?? Is the genius bar 24/7 too????,2652494,We're happy to help. Let's take a look at this further for you. Reach out to us in DM. https://t.co/GDrqU22YpT,hardware_repair_service,True,Physical Hardware: Device damage or hardware failure requires in-store Genius Bar or depot inspection.,HARDWARE_REPAIR,Provide Genius Bar / Apple Authorized Service Provider appointment link; explain warranty/diagnostic evaluation.,4
golden_096,2804435,went to Genius Bar for an issue w/ phone but still usable. 90 min later told they could do nothing and sent me away w/ a brick https://t.co/kBCKx7zSlP,2804434,"We want you to have a good experience however you seek support. Give the steps from this link a try since it describes the screen you're on: https://t.co/YheGAGfWxj If you still have issues, send us a DM. https://t.co/GDrqU22YpT",hardware_repair_service,True,Physical Hardware: Device damage or hardware failure requires in-store Genius Bar or depot inspection.,HARDWARE_REPAIR,Provide Genius Bar / Apple Authorized Service Provider appointment link; explain warranty/diagnostic evaluation.,4
golden_097,1578348,My phone wont turn on and I can't live chat or get a genius bar res without the two factor authentication,1578347,We can help. Have you tried these steps? https://t.co/8MvHMFZ83h,hardware_repair_service,True,Physical Hardware: Device damage or hardware failure requires in-store Genius Bar or depot inspection.,HARDWARE_REPAIR,Provide Genius Bar / Apple Authorized Service Provider appointment link; explain warranty/diagnostic evaluation.,4
golden_098,148181,"my iPhone 6s seems to be losing battery VERY quickly. (Gone from 30% to 9% in about 20 mins) is it worth taking to a Genius Bar, can they check battery function?",148180,"We'd love to look into this with you. DM us which version of the operating system your iPhone is running and the country you're in (as support options vary by location), and we'll get started. https://t.co/GDrqU2kzhr",hardware_repair_service,True,Physical Hardware: Device damage or hardware failure requires in-store Genius Bar or depot inspection.,HARDWARE_REPAIR,Provide Genius Bar / Apple Authorized Service Provider appointment link; explain warranty/diagnostic evaluation.,4
golden_099,1339671,I brought a Logitech iPad air2 case from Apple ..its cracked several places. Who can assist with replacing?,1339670,DM us using the link below. We're glad to look into this with you. https://t.co/GDrqU22YpT,hardware_repair_service,True,Physical Hardware: Device damage or hardware failure requires in-store Genius Bar or depot inspection.,HARDWARE_REPAIR,Provide Genius Bar / Apple Authorized Service Provider appointment link; explain warranty/diagnostic evaluation.,4
golden_100,1082993,"my iPhone 6s has turned into an expensive paperweight, and the Genius Bar today couldn't help me. Surely this can be resolved?",1082992,We'll do all we can to assist you. Please DM us more about what's happening with your iPhone. https://t.co/GDrqU22YpT,hardware_repair_service,True,Physical Hardware: Device damage or hardware failure requires in-store Genius Bar or depot inspection.,HARDWARE_REPAIR,Provide Genius Bar / Apple Authorized Service Provider appointment link; explain warranty/diagnostic evaluation.,4
golden_101,1891519,That's twice in two days I've dropped my iPhone and can hardly see through the screen 🙈🙈🙈 anyone know how much do charge to fix broken screens?,1891518,We'd love to help look into some service options to get your iPhone looking new again. DM us your country to continue. https://t.co/GDrqU22YpT,hardware_repair_service,True,Physical Hardware: Device damage or hardware failure requires in-store Genius Bar or depot inspection.,HARDWARE_REPAIR,Provide Genius Bar / Apple Authorized Service Provider appointment link; explain warranty/diagnostic evaluation.,4
golden_102,451388,Love my iPhone X's new matrix/eco/hardware-defect mode. https://t.co/oD5yLWQE6Q,451387,We'd like to see what we can do to assist. DM us and we'll continue from there. https://t.co/GDrqU22YpT,hardware_repair_service,True,Physical Hardware: Device damage or hardware failure requires in-store Genius Bar or depot inspection.,HARDWARE_REPAIR,Provide Genius Bar / Apple Authorized Service Provider appointment link; explain warranty/diagnostic evaluation.,4
golden_103,1852455,ugh iphone 6 still lagging since updates. will chat with genius bar peeps tomorrow,1852454,"Let's look into this together. To start, DM us which iOS version you're using and we'll continue from there. https://t.co/GDrqU22YpT",hardware_repair_service,True,Physical Hardware: Device damage or hardware failure requires in-store Genius Bar or depot inspection.,HARDWARE_REPAIR,Provide Genius Bar / Apple Authorized Service Provider appointment link; explain warranty/diagnostic evaluation.,4
golden_104,2647340,Can't seem to make a Genius bar appt online for my wife's phone. Please help!,2647339,"We'd be happy to look into helping you get an appointment set where available. Please meet us in DM to tell us your current location, so we may assist. https://t.co/GDrqU22YpT",hardware_repair_service,True,Physical Hardware: Device damage or hardware failure requires in-store Genius Bar or depot inspection.,HARDWARE_REPAIR,Provide Genius Bar / Apple Authorized Service Provider appointment link; explain warranty/diagnostic evaluation.,4
golden_105,824721,is it normal that my screen is cracked while inmy pocket !!! https://t.co/kJEaYS9weI,824720,Let's look into this for you. Send us a DM to get started. https://t.co/GDrqU22YpT,hardware_repair_service,True,Physical Hardware: Device damage or hardware failure requires in-store Genius Bar or depot inspection.,HARDWARE_REPAIR,Provide Genius Bar / Apple Authorized Service Provider appointment link; explain warranty/diagnostic evaluation.,4
golden_106,1643269,"hi, can u pls explain how I can cancel this subscription and arrange a refund as I was not aware of having subscribed to this? https://t.co/7hOkKbyyaG",1643268,For all things billing related you would need to reach out to our iTunes Store team by clicking here: https://t.co/SDIe7UiyJN,billing_subscriptions,True,"Financial Dispute: Transactions, payment adjustments, or refunds require human billing authorization.",BILLING_DISPUTE,Direct customer to reportaproblem.apple.com or iTunes Support specialist for transaction review.,4
golden_107,2503752,"I’m currently in Canada and would like to know if i can text my friends in America, who have iMessage without getting charged for international texting? Say in a group chat, they would have to add my email associated with my iMessage and not my CAN number?",2503751,"That's a great question and we're here to help. Check out this helpful article for more information on iMessage and SMS/MMS texting: https://t.co/IYLXaFXS3h If you have further questions, feel free to DM us and we'll be more than happy to help you. https://t.co/GDrqU22YpT",billing_subscriptions,True,"Financial Dispute: Transactions, payment adjustments, or refunds require human billing authorization.",BILLING_DISPUTE,Direct customer to reportaproblem.apple.com or iTunes Support specialist for transaction review.,4
golden_108,1920010,I updated to 11.0 3- now my phone needs to be charged at least twice a day and graphic glitches happen continuously. Fix this?,1920009,Let's look into that. Send us a DM and we'll go from there. https://t.co/GDrqU22YpT,billing_subscriptions,True,"Financial Dispute: Transactions, payment adjustments, or refunds require human billing authorization.",BILLING_DISPUTE,Direct customer to reportaproblem.apple.com or iTunes Support specialist for transaction review.,4
golden_109,1552580,"why isn’t my gift card on my account being used? $15 balance, purchased 9.99 & 5 charged to CC!",1552579,We'd like to point you in the right direction. Our iTunes Store experts can help with this: https://t.co/SDIe7UiyJN,billing_subscriptions,True,"Financial Dispute: Transactions, payment adjustments, or refunds require human billing authorization.",BILLING_DISPUTE,Direct customer to reportaproblem.apple.com or iTunes Support specialist for transaction review.,4
golden_110,148191,"Am finding it impossible to cancel my subscription, it is stuck in a loop, can you PM me please? Thanks",148190,We're happy to point you in the right direction for assistance with your Subscription. Our iTunes Support team would be the best option to help with this. You can reach out to them directly at https://t.co/SDIe7UiyJN.,billing_subscriptions,True,"Financial Dispute: Transactions, payment adjustments, or refunds require human billing authorization.",BILLING_DISPUTE,Direct customer to reportaproblem.apple.com or iTunes Support specialist for transaction review.,4
golden_111,2748435,"hey. Can I get a refund for two songs that I purchased more than 3 months ago? They do not work and can't download, and I neither have a computer to download iTunes on either. Pls let me know. Thanks.",2748434,"We're not able to help out with refunds over Twitter, but reach out to our iTunes Store support via the following link and they can look in to this with you: https://t.co/SDIe7UiyJN If you'd like help finding the songs and downloading them, please send us a DM. https://t.co/GDrqU22YpT",billing_subscriptions,True,"Financial Dispute: Transactions, payment adjustments, or refunds require human billing authorization.",BILLING_DISPUTE,Direct customer to reportaproblem.apple.com or iTunes Support specialist for transaction review.,4
golden_112,2237379,how’d I get charged for 3 singles and the album? Preorder wouldn’t download https://t.co/YqOXfUm04y,2237378,Let's help get you into the right hands to get this sorted. Please reach out to our iTunes team via: https://t.co/SDIe7UA9Bl,billing_subscriptions,True,"Financial Dispute: Transactions, payment adjustments, or refunds require human billing authorization.",BILLING_DISPUTE,Direct customer to reportaproblem.apple.com or iTunes Support specialist for transaction review.,4
golden_113,1082989,hey I couldn’t find how to unsubscribe from an app and now I ve been charged. Please help since I didn’t want to pay for it,1082988,We understand and would be happy to look into this with you! Please contact our iTunes Support team at: https://t.co/SDIe7UiyJN,billing_subscriptions,True,"Financial Dispute: Transactions, payment adjustments, or refunds require human billing authorization.",BILLING_DISPUTE,Direct customer to reportaproblem.apple.com or iTunes Support specialist for transaction review.,4
golden_114,1283968,I’ve recently paid my subscription and it’s asking me to renew my membership may I have some ?,1283967,We’re investigating the issue and will update our System Status page when info becomes available: https://t.co/7NVrDovSd8,billing_subscriptions,True,"Financial Dispute: Transactions, payment adjustments, or refunds require human billing authorization.",BILLING_DISPUTE,Direct customer to reportaproblem.apple.com or iTunes Support specialist for transaction review.,4
golden_115,2494293,please advise how we can all refund our phones. Battery life is a disaster after every iOS update. Not fit for purpose.,2494292,"Hey there, we'd love to work with you and your iPhone to determine what's going on with battery life. Please shoot us a DM. https://t.co/GDrqU22YpT",billing_subscriptions,True,"Financial Dispute: Transactions, payment adjustments, or refunds require human billing authorization.",BILLING_DISPUTE,Direct customer to reportaproblem.apple.com or iTunes Support specialist for transaction review.,4
golden_116,1276354,"Hi, my Apple Music logged me out and deleted all my songs. My subscription had not expired 😑😐:/",1276352,"We know music is important, and we want to help. Were the missing songs ones that had been downloaded for offline listening?",billing_subscriptions,True,"Financial Dispute: Transactions, payment adjustments, or refunds require human billing authorization.",BILLING_DISPUTE,Direct customer to reportaproblem.apple.com or iTunes Support specialist for transaction review.,4
golden_117,1918058,I’m having trouble with a subscription I did via the App Store.,1918056,We’d like to see how we can help. Can you give us some more details about the issue you're having?,billing_subscriptions,True,"Financial Dispute: Transactions, payment adjustments, or refunds require human billing authorization.",BILLING_DISPUTE,Direct customer to reportaproblem.apple.com or iTunes Support specialist for transaction review.,4
golden_118,1513912,I was charged twice for an in-app subscription,1513911,We're happy to help. We never want you to get charged twice for anything. Our iTunes Team can help: https://t.co/SDIe7UiyJN,billing_subscriptions,True,"Financial Dispute: Transactions, payment adjustments, or refunds require human billing authorization.",BILLING_DISPUTE,Direct customer to reportaproblem.apple.com or iTunes Support specialist for transaction review.,4
golden_119,2506053,"I wonder how long after my credit card is charged and my phone is preparing for shipment, it will actually ship?? ? ? #soantsy #notgoodatwaiting #iPhoneX",2506051,We understand the excitement. You can keep an eye on the order status here: https://t.co/LFKMJeOYQp,billing_subscriptions,True,"Financial Dispute: Transactions, payment adjustments, or refunds require human billing authorization.",BILLING_DISPUTE,Direct customer to reportaproblem.apple.com or iTunes Support specialist for transaction review.,4
golden_120,1818759,why is my phone halfway charged at 10:50 am this is a everyday thing https://t.co/cqKiEY2GPt,1818758,We'd be happy to look into this with you more in detail. Please reach out to us via DM and we'll get started. https://t.co/GDrqU22YpT,billing_subscriptions,True,"Financial Dispute: Transactions, payment adjustments, or refunds require human billing authorization.",BILLING_DISPUTE,Direct customer to reportaproblem.apple.com or iTunes Support specialist for transaction review.,4
golden_121,159615,WHY AM I GETTING CHARGED $15 TWICE?! For NOTHING,159614,We'd like to help. Could you tell us more about the charges in question? What are they related to? Let us know via DM to continue. https://t.co/GDrqU22YpT,billing_subscriptions,True,"Financial Dispute: Transactions, payment adjustments, or refunds require human billing authorization.",BILLING_DISPUTE,Direct customer to reportaproblem.apple.com or iTunes Support specialist for transaction review.,4
golden_122,1509943,Purchased an app for $1.68 and got charged $26.48. Not happy,1509942,We want to help you get to the bottom of this. Please contact our iTunes Store Support for this issue: https://t.co/SDIe7UiyJN,billing_subscriptions,True,"Financial Dispute: Transactions, payment adjustments, or refunds require human billing authorization.",BILLING_DISPUTE,Direct customer to reportaproblem.apple.com or iTunes Support specialist for transaction review.,4
golden_123,1285693,Apple music asking me to renew my subscription when I am already subscribed.... might be back on spotify next month smh.,1285692,We’re investigating and will update our System Status page as more info becomes available: https://t.co/Fcu0biZf0L,billing_subscriptions,True,"Financial Dispute: Transactions, payment adjustments, or refunds require human billing authorization.",BILLING_DISPUTE,Direct customer to reportaproblem.apple.com or iTunes Support specialist for transaction review.,4
golden_124,1329973,"How do i cancel my free 3 month subscription to itunes.I've downloaded songs,that i will pay for could you cancel it please.",1329972,We'd be happy to answer questions. Check out this article to see how to cancel: https://t.co/YKDbvueXrq,billing_subscriptions,True,"Financial Dispute: Transactions, payment adjustments, or refunds require human billing authorization.",BILLING_DISPUTE,Direct customer to reportaproblem.apple.com or iTunes Support specialist for transaction review.,4
golden_125,1515386,"Hi, since 09/27/17 I'm waiting for a refund. Polo Park-MB-CA didn't solve my problem. Somebody can help me?",1515385,We'd be happy to look into your situation. Please DM us here: https://t.co/GDrqU22YpT,billing_subscriptions,True,"Financial Dispute: Transactions, payment adjustments, or refunds require human billing authorization.",BILLING_DISPUTE,Direct customer to reportaproblem.apple.com or iTunes Support specialist for transaction review.,4
golden_126,2978822,y’all better refund me my money as fast as y’all took it out!!!!,2978821,Let us help you get this sorted out. DM us so we can better assist you: https://t.co/GDrqU22YpT,billing_subscriptions,True,"Financial Dispute: Transactions, payment adjustments, or refunds require human billing authorization.",BILLING_DISPUTE,Direct customer to reportaproblem.apple.com or iTunes Support specialist for transaction review.,4
golden_127,1541981,"Just updated to iOS 11.1 & iPhone will recognize it’s being charged for under 1 min then stops charging. What’s up with that, ?",1541979,"We'd love to look into this with you. Are you using an Apple certified or 3rd-party cable? Also, which iPhone do you have?",billing_subscriptions,True,"Financial Dispute: Transactions, payment adjustments, or refunds require human billing authorization.",BILLING_DISPUTE,Direct customer to reportaproblem.apple.com or iTunes Support specialist for transaction review.,4
golden_128,1331249,annoyed of being charged for apps I don’t have,1331248,We'd like to see how we can help. Send us a DM with more information and we'll work from there: https://t.co/GDrqU22YpT,billing_subscriptions,True,"Financial Dispute: Transactions, payment adjustments, or refunds require human billing authorization.",BILLING_DISPUTE,Direct customer to reportaproblem.apple.com or iTunes Support specialist for transaction review.,4
golden_129,174160,My Apple Watch keeps turning off and on by itself and it’s charged. What do I do?,174158,We'd be happy to help. Can you let us know which version of the watchOS you're running? You can check by opening the Watch app on your paired iPhone > General > About.,billing_subscriptions,True,"Financial Dispute: Transactions, payment adjustments, or refunds require human billing authorization.",BILLING_DISPUTE,Direct customer to reportaproblem.apple.com or iTunes Support specialist for transaction review.,4
golden_130,1180524,: How do I upgrade my Apple Music subscription to Family sharing?,1180522,We'd like to help! Check out this article: https://t.co/Axn8d2wJz2,billing_subscriptions,True,"Financial Dispute: Transactions, payment adjustments, or refunds require human billing authorization.",BILLING_DISPUTE,Direct customer to reportaproblem.apple.com or iTunes Support specialist for transaction review.,4
golden_131,188445,wifi is always turn on #iOS11,188444,"We'd be glad to help with that. We have changed how you turn off Wi-Fi, you’ll find the steps here: https://t.co/G7BHuQnDS6",connectivity_peripherals,False,Auto-Handled: Resolvable via verified knowledge base troubleshooting steps without human intervention.,AUTO_HANDLE,"Suggest toggling Bluetooth/Wi-Fi, forgetting network/device, or resetting network settings.",4
golden_132,2510971,"I just setup my new iPhone X, but now my Apple Watch is stuck in a setup screen loop. Can you help . This is kind of frustrating :/",2510970,We are sorry to hear you're having issues setting up the Watch. Please send us a DM and we will look into this together. Thank you. https://t.co/GDrqU22YpT,connectivity_peripherals,False,Auto-Handled: Resolvable via verified knowledge base troubleshooting steps without human intervention.,AUTO_HANDLE,"Suggest toggling Bluetooth/Wi-Fi, forgetting network/device, or resetting network settings.",4
golden_133,629765,Are there any issues in iOS 11 you’re still working out? I have had hesitation and stuttering playing music with Bluetooth and AirTunes since I upgraded.,629764,We'd like to look into this with you. What version of iOS 11 do you have installed? DM us. https://t.co/GDrqU22YpT,connectivity_peripherals,False,Auto-Handled: Resolvable via verified knowledge base troubleshooting steps without human intervention.,AUTO_HANDLE,"Suggest toggling Bluetooth/Wi-Fi, forgetting network/device, or resetting network settings.",4
golden_134,2484156,Any ideas when the Apple Watch Series 3 will be available on other phone networks in 🏴󠁧󠁢󠁥󠁮󠁧󠁿  ⌚,2484155,We appreciate your interest and encourage you to stay up to date on Apple news here: https://t.co/gbIPLOsnZd,connectivity_peripherals,False,Auto-Handled: Resolvable via verified knowledge base troubleshooting steps without human intervention.,AUTO_HANDLE,"Suggest toggling Bluetooth/Wi-Fi, forgetting network/device, or resetting network settings.",4
golden_135,1243817,WiFi automatically turn on any time after turn off in iOS 11 & abov 4 iPhone 5s.,1243816,We would like to help. Go ahead and meet us in DM and we can work together there. https://t.co/GDrqU22YpT,connectivity_peripherals,False,Auto-Handled: Resolvable via verified knowledge base troubleshooting steps without human intervention.,AUTO_HANDLE,"Suggest toggling Bluetooth/Wi-Fi, forgetting network/device, or resetting network settings.",4
golden_136,366978,"iOS11, handoff no longer works between iphone 6 and iPad Pro. Rebooted, switched handoff & bluetooth off and on. Help please?",366975,We can take a look at this. Can you tell us more about how you used it? Thanks.,connectivity_peripherals,False,Auto-Handled: Resolvable via verified knowledge base troubleshooting steps without human intervention.,AUTO_HANDLE,"Suggest toggling Bluetooth/Wi-Fi, forgetting network/device, or resetting network settings.",4
golden_137,1335330,wifi switches on automatically every now and then and asking me to join networks #iOS11 #Downgrade #securityConcern,1335329,We'd be happy to look into this with you. Please reach out to us via DM and we'll get started. https://t.co/GDrqU22YpT,connectivity_peripherals,False,Auto-Handled: Resolvable via verified knowledge base troubleshooting steps without human intervention.,AUTO_HANDLE,"Suggest toggling Bluetooth/Wi-Fi, forgetting network/device, or resetting network settings.",4
golden_138,2285165,"I use Apple Watch series 3. After updating to watch OS 4.1 which released 3 days back, the activity app is not tracking the miles walked, calories spent. Is this an issue with the latest update ?",2285164,"We'd like to dig in to what's happening on your Apple Watch. Let's continue chatting via DM. Tell us what type of iPhone you have paired with your Watch, along with your current iOS version. https://t.co/GDrqU22YpT",connectivity_peripherals,False,Auto-Handled: Resolvable via verified knowledge base troubleshooting steps without human intervention.,AUTO_HANDLE,"Suggest toggling Bluetooth/Wi-Fi, forgetting network/device, or resetting network settings.",4
golden_139,1673179,"É só queria entender pra que serve a função Wifi e Bluetooth na Central de Controle, se ela nao desativa as funções??! https://t.co/iffSdRgP6k",1673178,"Since our Twitter support is available in English, get help at https://t.co/IBIY3vMgPj or join https://t.co/pvaOFfPbjt",connectivity_peripherals,False,Auto-Handled: Resolvable via verified knowledge base troubleshooting steps without human intervention.,AUTO_HANDLE,"Suggest toggling Bluetooth/Wi-Fi, forgetting network/device, or resetting network settings.",4
golden_140,757828,My Apple Watch doesn’t give me breathe reminders anymore since I’ve updated my watch,757827,Go ahead and check out this article and see if it helps at all: https://t.co/UWzamRBXtU,connectivity_peripherals,False,Auto-Handled: Resolvable via verified knowledge base troubleshooting steps without human intervention.,AUTO_HANDLE,"Suggest toggling Bluetooth/Wi-Fi, forgetting network/device, or resetting network settings.",4
golden_141,2422523,the new iOS update won’t let me use wifi,2422521,We've got you. Which iPhone are you using and are you trying to use Wi-Fi at home or elsewhere? Thanks.,connectivity_peripherals,False,Auto-Handled: Resolvable via verified knowledge base troubleshooting steps without human intervention.,AUTO_HANDLE,"Suggest toggling Bluetooth/Wi-Fi, forgetting network/device, or resetting network settings.",4
golden_142,2676547,"iOS 11.0.3 is no good. Phone drops WiFi, while MacBook and iPad mini remain connected. #militaryfamily #internetamust",2676546,We want to help. Would you tell us more about what's happening in DM? https://t.co/GDrqU22YpT,connectivity_peripherals,False,Auto-Handled: Resolvable via verified knowledge base troubleshooting steps without human intervention.,AUTO_HANDLE,"Suggest toggling Bluetooth/Wi-Fi, forgetting network/device, or resetting network settings.",4
golden_143,2129230,. My wifi constantly keeps disconnecting wen in connect it agine 5 seconds later it disconnect agine itz really frustrating,2129228,We're here to help! What iOS version is currently installed on your device?,connectivity_peripherals,False,Auto-Handled: Resolvable via verified knowledge base troubleshooting steps without human intervention.,AUTO_HANDLE,"Suggest toggling Bluetooth/Wi-Fi, forgetting network/device, or resetting network settings.",4
golden_144,1527028,"hi, my Apple Watch hasn’t paired with my new iPhone even although I’ve set the new phone up using a backup",1527027,Congrats on your new iPhone! We hope you love it. Let's pair it to your Watch using these steps: https://t.co/lrUT3FBnPf,connectivity_peripherals,False,Auto-Handled: Resolvable via verified knowledge base troubleshooting steps without human intervention.,AUTO_HANDLE,"Suggest toggling Bluetooth/Wi-Fi, forgetting network/device, or resetting network settings.",4
golden_145,1760300,why all of a sudden has my iPhone started trying to play music in my car through the charger and not via Bluetooth?,1760298,Thank you for reaching out. Let’s work together to find out why. Have you changed any Settings in your iPhone recently?,connectivity_peripherals,False,Auto-Handled: Resolvable via verified knowledge base troubleshooting steps without human intervention.,AUTO_HANDLE,"Suggest toggling Bluetooth/Wi-Fi, forgetting network/device, or resetting network settings.",4
golden_146,2977387,it's ridiculous how hard it is to get some help every time I walk into one of your stores. My Apple Watch has been broken for almost a year now because every store I walk into it takes forever for someone to assist me.,2977386,"This certainly isn't the experience that we want you to have. Does this happen even when you have a reservation set up? What kind of trouble are you having with your Apple Watch? Send us a DM, and we'll look into this with you. https://t.co/GDrqU2kzhr",connectivity_peripherals,False,Auto-Handled: Resolvable via verified knowledge base troubleshooting steps without human intervention.,AUTO_HANDLE,"Suggest toggling Bluetooth/Wi-Fi, forgetting network/device, or resetting network settings.",4
golden_147,1874918,New iOS update keeps turning on my bluetooth. I’ve never connected my phone using BT ever. Explanation ??,1874917,We want to help you take a look at what is going on. DM us what device and version of iOS you are using. https://t.co/GDrqU22YpT,connectivity_peripherals,False,Auto-Handled: Resolvable via verified knowledge base troubleshooting steps without human intervention.,AUTO_HANDLE,"Suggest toggling Bluetooth/Wi-Fi, forgetting network/device, or resetting network settings.",4
golden_148,1173939,Why this stupid ios keeps turning the wifi and bluetooth on every time???,1173937,"We can help. To clarify, are you toggling the buttons from Settings or from the Control Center? What's the iOS version?",connectivity_peripherals,False,Auto-Handled: Resolvable via verified knowledge base troubleshooting steps without human intervention.,AUTO_HANDLE,"Suggest toggling Bluetooth/Wi-Fi, forgetting network/device, or resetting network settings.",4
golden_149,629715,I have an Apple Watch band white that’s discolored.,629714,Thanks for reaching back out to us. We understand how important it is to keep your watch looking good. We recommend checking out this link: https://t.co/VxlvpoL1kr,connectivity_peripherals,False,Auto-Handled: Resolvable via verified knowledge base troubleshooting steps without human intervention.,AUTO_HANDLE,"Suggest toggling Bluetooth/Wi-Fi, forgetting network/device, or resetting network settings.",4
golden_150,649801,why can’t I search for WiFi? 😡😡 https://t.co/HweBSz6DGY,649800,Being able to access a Wi-Fi network is important. We want to help. Let's start with the steps found here: https://t.co/sXbhzfS2lM Let us know if you need more help.,connectivity_peripherals,False,Auto-Handled: Resolvable via verified knowledge base troubleshooting steps without human intervention.,AUTO_HANDLE,"Suggest toggling Bluetooth/Wi-Fi, forgetting network/device, or resetting network settings.",4
golden_151,1783116,my phone keeps going to no service constantly,1783115,We are here to help. Try the steps outlined in the following article: https://t.co/5KootZbxj1 DM us if that doesn't help: https://t.co/GDrqU22YpT,connectivity_peripherals,False,Auto-Handled: Resolvable via verified knowledge base troubleshooting steps without human intervention.,AUTO_HANDLE,"Suggest toggling Bluetooth/Wi-Fi, forgetting network/device, or resetting network settings.",4
golden_152,1761082,Any way to unlock a apple watch from icloud activation lock mode? Want to buy one that is like this for cheap?,1761081,We'd be glad to help. Activation locks have to be removed by the person who owns the Apple ID Account. https://t.co/yYdDR7k0Bm,connectivity_peripherals,False,Auto-Handled: Resolvable via verified knowledge base troubleshooting steps without human intervention.,AUTO_HANDLE,"Suggest toggling Bluetooth/Wi-Fi, forgetting network/device, or resetting network settings.",4
golden_153,1785462,big bug... iOS beta 11.1 WiFi switch it's blocked off and I can not turn it on... and now ???,1785461,Let's get this figured out. Have you tried any troubleshooting steps to fix the Wi-Fi issues? Send us a DM. https://t.co/GDrqU22YpT,connectivity_peripherals,False,Auto-Handled: Resolvable via verified knowledge base troubleshooting steps without human intervention.,AUTO_HANDLE,"Suggest toggling Bluetooth/Wi-Fi, forgetting network/device, or resetting network settings.",4
golden_154,2041470,girl when are y’all gonna fix the obvious Bluetooth issues w/ iOS 11? My audio drops out in my car speakers constantly!,2041468,We certainly want you to be able to stay connected. Can you confirm what version of 11 you're running? Go ahead and send us a DM. https://t.co/GDrqU22YpT,connectivity_peripherals,False,Auto-Handled: Resolvable via verified knowledge base troubleshooting steps without human intervention.,AUTO_HANDLE,"Suggest toggling Bluetooth/Wi-Fi, forgetting network/device, or resetting network settings.",4
golden_155,1342941,How reliable is the Apple Watch heart monitor?,1342939,Thank you for reaching out to us. Look here for details on how Apple Watch measures your heart rate: https://t.co/45AlFnF6Ae,connectivity_peripherals,False,Auto-Handled: Resolvable via verified knowledge base troubleshooting steps without human intervention.,AUTO_HANDLE,"Suggest toggling Bluetooth/Wi-Fi, forgetting network/device, or resetting network settings.",4
golden_156,2063958,. y’all need to talk this new iOS is absolutely terrible compatibility #battery,2063955,"Great battery life is important, and we want to get to the bottom of that with you. Could you join us in DM with more info? https://t.co/GDrqU22YpT",escalation_human_complaint,True,Customer Dissatisfaction: High negative sentiment or explicit human agent request requires senior support handling.,FRUSTRATED_CUSTOMER,De-escalate with empathetic brand tone; offer immediate private escalation link/DM to senior representative.,4
golden_157,1222703,Man I’m having so many problems with my phone with this iOS 11 I’ve never had this many issues with a new update. Terrible,1222702,"What issues are you having? Let us know in Direct Message, we'd love to help. https://t.co/GDrqU22YpT",escalation_human_complaint,True,Customer Dissatisfaction: High negative sentiment or explicit human agent request requires senior support handling.,FRUSTRATED_CUSTOMER,De-escalate with empathetic brand tone; offer immediate private escalation link/DM to senior representative.,4
golden_158,151453,"i tried to search a contact, contacts greyed out but keypad dint come up...what have you done in ios11...worst ios https://t.co/vguEvqkKp9",151452,"Do you know what version of the iOS is on the device? If not, you can check under Settings > General > About > Version. Let us know, and we'll help with Searching in contacts.",escalation_human_complaint,True,Customer Dissatisfaction: High negative sentiment or explicit human agent request requires senior support handling.,FRUSTRATED_CUSTOMER,De-escalate with empathetic brand tone; offer immediate private escalation link/DM to senior representative.,4
golden_159,2622729,"since #ios11 came out my phone is basically useless, the touchscreen doesn’t work or is lagging good job on destroying my phone",2622727,We're glad you reached out. Is this happening in all your apps? Which version of iOS 11 are you currently running? Tap Settings > General > About to find the version number.,escalation_human_complaint,True,Customer Dissatisfaction: High negative sentiment or explicit human agent request requires senior support handling.,FRUSTRATED_CUSTOMER,De-escalate with empathetic brand tone; offer immediate private escalation link/DM to senior representative.,4
golden_160,1065257,": above all the worst upgrade for #iPhone I ever suffered. A slower phone a worst experience, thanks.",1065256,Let us know via DM if you have already updated your iPhone to iOS 11.0.3: https://t.co/80YRnjDFDk https://t.co/GDrqU22YpT,escalation_human_complaint,True,Customer Dissatisfaction: High negative sentiment or explicit human agent request requires senior support handling.,FRUSTRATED_CUSTOMER,De-escalate with empathetic brand tone; offer immediate private escalation link/DM to senior representative.,4
golden_161,2062292,"iOS 11.02 is terrible! My iPhone became slow, apps go unresponsive & crash all the time! I regret this update.",2062291,"What kind of iPhone do you have? Does this happen when using a specific app? DM us with details, and we'll see how we can help https://t.co/GDrqU22YpT",escalation_human_complaint,True,Customer Dissatisfaction: High negative sentiment or explicit human agent request requires senior support handling.,FRUSTRATED_CUSTOMER,De-escalate with empathetic brand tone; offer immediate private escalation link/DM to senior representative.,4
golden_162,2849203,the new Pages update is the worst. Why can't I now choose how I want to send my document? Auto PAGES. No more PDF?? Stinks,2849202,We’d like to get you in touch with an expert from our apps & software team to assist further. Use this link to get connected with them: https://t.co/IBIY3vMgPj,escalation_human_complaint,True,Customer Dissatisfaction: High negative sentiment or explicit human agent request requires senior support handling.,FRUSTRATED_CUSTOMER,De-escalate with empathetic brand tone; offer immediate private escalation link/DM to senior representative.,4
golden_163,1496117,hello hi why da heck is my iPhone 6 battery the worst thing in the world??,1496116,Battery life is vital for daily use. Let's look into this together. Can you confirm which iOS you're using?,escalation_human_complaint,True,Customer Dissatisfaction: High negative sentiment or explicit human agent request requires senior support handling.,FRUSTRATED_CUSTOMER,De-escalate with empathetic brand tone; offer immediate private escalation link/DM to senior representative.,4
golden_164,1040203,"literally worst customer service I have ever seen.ur advisors wasted my 2 hrs transferring chat to 1 another,hanging up",1040202,"We want to hear about your experience, and make sure you get the help you're looking for. Let's work together in DM. https://t.co/GDrqU22YpT",escalation_human_complaint,True,Customer Dissatisfaction: High negative sentiment or explicit human agent request requires senior support handling.,FRUSTRATED_CUSTOMER,De-escalate with empathetic brand tone; offer immediate private escalation link/DM to senior representative.,4
golden_165,457222,- Can you please either A) sort out #ios11 or B) replace my iPhone 7+ now that your new operating system as rendered it completely useless? All your users are complaining but no action from your end. You messed up with a buggy update at least fix it.,457220,We appreciate you contacting us about this situation. We always want our customers to have the best experience. Let's hop into DM and get to the bottom of this: https://t.co/GDrqU22YpT,escalation_human_complaint,True,Customer Dissatisfaction: High negative sentiment or explicit human agent request requires senior support handling.,FRUSTRATED_CUSTOMER,De-escalate with empathetic brand tone; offer immediate private escalation link/DM to senior representative.,4
golden_166,1147001,Its been 4 mnths only and my apple6’s performance getting worst day by day. #Badexperience...,1146997,Tell us what's happening with your device? Also what version of iOS are you currently running?,escalation_human_complaint,True,Customer Dissatisfaction: High negative sentiment or explicit human agent request requires senior support handling.,FRUSTRATED_CUSTOMER,De-escalate with empathetic brand tone; offer immediate private escalation link/DM to senior representative.,4
golden_167,1828721,Nooo!!! Not getting my kudos but looks like I should be. Worst activity Apple Watch bug ever! What to do!!! https://t.co/OLouC4liqK,1828720,"That's certainly not expected behavior. We'd like to help! Please send us a DM with additional details, and we'll get started. https://t.co/GDrqU22YpT",escalation_human_complaint,True,Customer Dissatisfaction: High negative sentiment or explicit human agent request requires senior support handling.,FRUSTRATED_CUSTOMER,De-escalate with empathetic brand tone; offer immediate private escalation link/DM to senior representative.,4
golden_168,908613,"so my iphone sixplus battery is terrible now, 100 just 15min ago, now 79% battery life! #wtf #applesucks",908610,Let's look into that. DM us the version of iOS that's running on your iPhone and we'll go from there. https://t.co/GDrqU22YpT,escalation_human_complaint,True,Customer Dissatisfaction: High negative sentiment or explicit human agent request requires senior support handling.,FRUSTRATED_CUSTOMER,De-escalate with empathetic brand tone; offer immediate private escalation link/DM to senior representative.,4
golden_169,1227229,"iOS 11 is still a beta, because it crashes constantly, reboots alone, applications freezes, sad. Worst iOS and 11",1227228,"We want to help. Which device are you using? DM us back, we'll continue there. https://t.co/GDrqU22YpT",escalation_human_complaint,True,Customer Dissatisfaction: High negative sentiment or explicit human agent request requires senior support handling.,FRUSTRATED_CUSTOMER,De-escalate with empathetic brand tone; offer immediate private escalation link/DM to senior representative.,4
golden_170,1002023,this screen freezing in the horizontal is absolutely unacceptable. Please see the MANY complaints on this.,1002021,This is certainly not the behavior we want you to experience. Could you tell us which Apple device you're using?,escalation_human_complaint,True,Customer Dissatisfaction: High negative sentiment or explicit human agent request requires senior support handling.,FRUSTRATED_CUSTOMER,De-escalate with empathetic brand tone; offer immediate private escalation link/DM to senior representative.,4
golden_171,1235662,"can i please go back to ios 10. Ios 11 really sucks! Battery drain, none responsive. It makes my phone useless.",1235661,Let's see what we can do to get this resolved. Which device are you experiencing it on? Reply in DM. https://t.co/GDrqU22YpT,escalation_human_complaint,True,Customer Dissatisfaction: High negative sentiment or explicit human agent request requires senior support handling.,FRUSTRATED_CUSTOMER,De-escalate with empathetic brand tone; offer immediate private escalation link/DM to senior representative.,4
golden_172,648568,#iOS11 is a total disaster. Completely distroyed my iPhone 6 performance & wrecked its battery. tries hard to help. But software is beyond repair. I think this iOS update is the worst ever. Is there a Twitter protest campaign or class action suit? It’s that bad.,648566,We have received all of your DM's. We will be continuing to work with you there. https://t.co/GDrqU22YpT,escalation_human_complaint,True,Customer Dissatisfaction: High negative sentiment or explicit human agent request requires senior support handling.,FRUSTRATED_CUSTOMER,De-escalate with empathetic brand tone; offer immediate private escalation link/DM to senior representative.,4
golden_173,404110,The new #iOS11 has become my iPhone 6 a useless brick... it is super slow and it freezes #UnsatisfiedCustomer,404109,We are here to help. DM us which iOS 11 version you are on and we can take a look at this. https://t.co/GDrqU22YpT,escalation_human_complaint,True,Customer Dissatisfaction: High negative sentiment or explicit human agent request requires senior support handling.,FRUSTRATED_CUSTOMER,De-escalate with empathetic brand tone; offer immediate private escalation link/DM to senior representative.,4
golden_174,592227,This is what useless has done to my computer with recent updates. They clearly are in one hell of a mess.👈👎🏼 https://t.co/y7xrNMJCIE,592225,We know how important it is that your iMac is running at its best. We have received your DMs and will continue working with you from there.,escalation_human_complaint,True,Customer Dissatisfaction: High negative sentiment or explicit human agent request requires senior support handling.,FRUSTRATED_CUSTOMER,De-escalate with empathetic brand tone; offer immediate private escalation link/DM to senior representative.,4
golden_175,2004695,Probably the worst customer experience trying to get my iPhoneX despite having both reservation & delivery due today,2004694,"We always want you to have the best experience, so we'd be happy to look into this. DM us more info and we'll start there. https://t.co/GDrqU22YpT",escalation_human_complaint,True,Customer Dissatisfaction: High negative sentiment or explicit human agent request requires senior support handling.,FRUSTRATED_CUSTOMER,De-escalate with empathetic brand tone; offer immediate private escalation link/DM to senior representative.,4
golden_176,2908121,is it normal for the iPhone to turn itself off when it still has 20% or more battery life? Build a better phone and less useless gadgets,2908120,This isn't typical behavior. We would like to work on this with you. Send us a DM and we'll get started. https://t.co/GDrqU22YpT,escalation_human_complaint,True,Customer Dissatisfaction: High negative sentiment or explicit human agent request requires senior support handling.,FRUSTRATED_CUSTOMER,De-escalate with empathetic brand tone; offer immediate private escalation link/DM to senior representative.,4
golden_177,585897,"dears am really frustrated due to the service provided by your team in UAE, 2nd time am facing issue with my device and they refusing to replace the device and it's still under warranty. this is really unacceptable.I need an immediate action",585896,We'd like to check into what's going on with your device. DM us more information about what's going on and we'll continue from there: https://t.co/GDrqU22YpT,escalation_human_complaint,True,Customer Dissatisfaction: High negative sentiment or explicit human agent request requires senior support handling.,FRUSTRATED_CUSTOMER,De-escalate with empathetic brand tone; offer immediate private escalation link/DM to senior representative.,4
golden_178,719371,I did the new update on the iPhone 7 and my phone is terrible now. Voice mail doesn’t work recent missed called locked up etc.,719370,We'd be happy to help. Send us a DM with a few details and we can look into it with you. https://t.co/GDrqU22YpT,escalation_human_complaint,True,Customer Dissatisfaction: High negative sentiment or explicit human agent request requires senior support handling.,FRUSTRATED_CUSTOMER,De-escalate with empathetic brand tone; offer immediate private escalation link/DM to senior representative.,4
golden_179,1639044,"IOS 11 IS THE WORST THING TO EVER HAPPEN TO IPHONE, THE IPHONE 8 BLEW UP BECAUSE YOU CANT MAKE A GOOD PHONE #USELESS",1639043,We're here to help. Go ahead and let us know more details about your experience within DM here: https://t.co/GDrqU22YpT,escalation_human_complaint,True,Customer Dissatisfaction: High negative sentiment or explicit human agent request requires senior support handling.,FRUSTRATED_CUSTOMER,De-escalate with empathetic brand tone; offer immediate private escalation link/DM to senior representative.,4
golden_180,2835802,can y’all please get this iOS 11 update together because my phone is worst off now than it was before I updated from iOS 10,2835800,We’ve received your DM and will continue working with you there.,escalation_human_complaint,True,Customer Dissatisfaction: High negative sentiment or explicit human agent request requires senior support handling.,FRUSTRATED_CUSTOMER,De-escalate with empathetic brand tone; offer immediate private escalation link/DM to senior representative.,4
golden_181,453964,Hi - In Settings>General there is no Profiles tab to opt out of beta profile. Help?,453963,"We're happy to do everything we can to help. To start, DM us with the model of iPhone and exact iOS version you're currently using. You can find this by going to Settings > General > About. https://t.co/GDrqU22YpT",general_guidance,False,Auto-Handled: Resolvable via verified knowledge base troubleshooting steps without human intervention.,AUTO_HANDLE,"Provide official support guidance, Settings navigation path, or Apple documentation link.",4
golden_182,792769,I can’t seem to change my push notifications for my emails. The option to do this is no longer their in settings? 🤔,792767,We'd love to help. You can change mail notifications under Settings > Notifications. More info is here: https://t.co/E7sMv2aXe6,general_guidance,False,Auto-Handled: Resolvable via verified knowledge base troubleshooting steps without human intervention.,AUTO_HANDLE,"Provide official support guidance, Settings navigation path, or Apple documentation link.",4
golden_183,2607732,"Hi, I don't understand how to put videos & photos that i took with my iPhone X on my windows computer when it's plugged on the computer. When I do it via iCloud, quality isn't at is best. Also, when I put videos from my PC on it, only 3 of them synchronize Thanks https://t.co/TOuf0UG9op",2607731,"Congrats on your new iPhone. We can help. To import videos to your computer, you can use this link: https://t.co/KSr0Br9YuG For moving videos from the computer to your iPhone, do you get any error messages on the computer or your iPhone when trying to transfer them?",general_guidance,False,Auto-Handled: Resolvable via verified knowledge base troubleshooting steps without human intervention.,AUTO_HANDLE,"Provide official support guidance, Settings navigation path, or Apple documentation link.",4
golden_184,1082417,I need to wipe out my iPad Pro 10.5 and restore from a back up. How do I do that?,1082414,We'd love to help with this. This article has a link to wiping and instructions for restoring: https://t.co/swvuDDw4sj,general_guidance,False,Auto-Handled: Resolvable via verified knowledge base troubleshooting steps without human intervention.,AUTO_HANDLE,"Provide official support guidance, Settings navigation path, or Apple documentation link.",4
golden_185,2652493,um like this whole “i” thing is getting annoying. HOW DO I FIX IT!?,2652492,We'd be happy to take a look into this with you. Could you please send us a DM with what device you're having this issue on and what OS version it's running? https://t.co/GDrqU22YpT,general_guidance,False,Auto-Handled: Resolvable via verified knowledge base troubleshooting steps without human intervention.,AUTO_HANDLE,"Provide official support guidance, Settings navigation path, or Apple documentation link.",4
golden_186,2841998,I'm trying to recover my mom's iphone account can I speed up the process by going in store? The current recovery date is Dec 4th.,2841996,"Unfortunately the Apple Store cannot help speed up the process. For your security, recovery takes several days. You'll simply need to wait the allotted time. Learn more here: https://t.co/nXAGZj0EE7",general_guidance,False,Auto-Handled: Resolvable via verified knowledge base troubleshooting steps without human intervention.,AUTO_HANDLE,"Provide official support guidance, Settings navigation path, or Apple documentation link.",4
golden_187,1785783,#MacOS High Sierra mail problem. Can I get OS support for 2012 iMac?,1785782,Certainly. DM us details on what exactly is going on with your Mac Mail and we'll continue support with you there. https://t.co/GDrqU22YpT,general_guidance,False,Auto-Handled: Resolvable via verified knowledge base troubleshooting steps without human intervention.,AUTO_HANDLE,"Provide official support guidance, Settings navigation path, or Apple documentation link.",4
golden_188,31921,Is it just me or does the X to close out your notifications only show up sometimes? Does anyone know how to fix that? https://t.co/qtY6wnrl19,31919,This is the expected behavior for notifications. Take a look at this: https://t.co/2txgOv5s2M,general_guidance,False,Auto-Handled: Resolvable via verified knowledge base troubleshooting steps without human intervention.,AUTO_HANDLE,"Provide official support guidance, Settings navigation path, or Apple documentation link.",4
golden_189,848069,Can I not upgrade frm 10.3.3 to 11.0.3 without taking backup manually on to PC? As always yur softwr did it ( I use iPhone 7).,848068,We are here to help. DM us the details of your issue and we can take a look at this. https://t.co/GDrqU22YpT,general_guidance,False,Auto-Handled: Resolvable via verified knowledge base troubleshooting steps without human intervention.,AUTO_HANDLE,"Provide official support guidance, Settings navigation path, or Apple documentation link.",4
golden_190,2676870,"My iPhone 5se was nearly full, I'm down to over 10Gigs free now but,theREDWarning(1)on my settings app wont go away!OS11.0.3😩",2676869,We'd be happy to look into this with you. Please reach out to us via DM and we'll get started. https://t.co/GDrqU22YpT,general_guidance,False,Auto-Handled: Resolvable via verified knowledge base troubleshooting steps without human intervention.,AUTO_HANDLE,"Provide official support guidance, Settings navigation path, or Apple documentation link.",4
golden_191,1861511,I ported my cell # from another carrier. now SMS frm Apple (2 step verif) is blocked. how do i contact u to change SMS routing,1861509,Glad you reached out. Have you had a chance to look over this link? https://t.co/j2ORapR6rK DM us if we can assist further. https://t.co/GDrqU22YpT,general_guidance,False,Auto-Handled: Resolvable via verified knowledge base troubleshooting steps without human intervention.,AUTO_HANDLE,"Provide official support guidance, Settings navigation path, or Apple documentation link.",4
golden_192,2622713,Hi how do I find photos with unknown faces in High Sierra Photos?,2622711,Great question. We'd like to get you over to our Photos support for any questions or concerns you have about the Photos application on your Mac. They'll be the best ones to help in regards to that. Just follow this link to get to them: https://t.co/IBIY3vMgPj,general_guidance,False,Auto-Handled: Resolvable via verified knowledge base troubleshooting steps without human intervention.,AUTO_HANDLE,"Provide official support guidance, Settings navigation path, or Apple documentation link.",4
golden_193,2127306,my phone is working slowly. How can I do to fix it?,2127304,"Let's take a look at this together! To begin, what iOS version are you currently on? When did you first notice this behavior?",general_guidance,False,Auto-Handled: Resolvable via verified knowledge base troubleshooting steps without human intervention.,AUTO_HANDLE,"Provide official support guidance, Settings navigation path, or Apple documentation link.",4
golden_194,170385,in morning everything worked fine now i came back and screen isnt alright. please tell me way how to fix this problem. model:ipad2 https://t.co/mMlnpgOeVp,170382,Hello. Help is here! Let's get your iPad working properly. Please DM us here and share a few details: https://t.co/GDrqU22YpT,general_guidance,False,Auto-Handled: Resolvable via verified knowledge base troubleshooting steps without human intervention.,AUTO_HANDLE,"Provide official support guidance, Settings navigation path, or Apple documentation link.",4
golden_195,397452,"first time this happens, how do I fix it!! I need to download more apps!! https://t.co/vFgKPjmKpW",397451,We're here to help out. Get this resolved by updating the billing information on the Organizer's Apple ID: https://t.co/Y0YoIRcZa7,general_guidance,False,Auto-Handled: Resolvable via verified knowledge base troubleshooting steps without human intervention.,AUTO_HANDLE,"Provide official support guidance, Settings navigation path, or Apple documentation link.",4
golden_196,2800556,"I ordered iPhone X from Verizon. I plan to trade in 6s Plus at Apple Store in exchange for credit to be used for Apple Care for new X. While I'm at store, will they transfer SIM card to new X and help me set up phone? Will they apply Zagg screen protector for me?",2800555,"While we can't guarantee that we'll be able to apply the screen protector when you buy an iPhone at an Apple Store, we'll help you get completely set up and taking selfies before you walk out the door!",general_guidance,False,Auto-Handled: Resolvable via verified knowledge base troubleshooting steps without human intervention.,AUTO_HANDLE,"Provide official support guidance, Settings navigation path, or Apple documentation link.",4
golden_197,2499345,"help! Caught in a viscous circle. I restart, log in, then this. Restart, log in, this. Repeat. What can I do? https://t.co/zMcw2gqK7W",2499343,"Let's see what we can do to get this resolved. Do you have any other user accounts? If so, do you get the same thing when you log into another user? Reply in DM to get started. https://t.co/GDrqU22YpT",general_guidance,False,Auto-Handled: Resolvable via verified knowledge base troubleshooting steps without human intervention.,AUTO_HANDLE,"Provide official support guidance, Settings navigation path, or Apple documentation link.",4
golden_198,1951100,Hey please tell me how to turn these search suggestions off? These are the charming terms that appear on a page about Rochdale https://t.co/nncem7BKyM,1951098,"Go to Settings > Siri & Search, then turn off Search & Siri suggestions for Safari and test to see if the issue persists. DM us. https://t.co/GDrqU22YpT",general_guidance,False,Auto-Handled: Resolvable via verified knowledge base troubleshooting steps without human intervention.,AUTO_HANDLE,"Provide official support guidance, Settings navigation path, or Apple documentation link.",4
golden_199,1449207,Hi How can i get help from Apple France for my ipad invoice? Thanks !,1449206,"Thanks for reaching out! For help with this issue, reach out to our Online Store Advisors here: https://t.co/8yjRd1Xo0i",general_guidance,False,Auto-Handled: Resolvable via verified knowledge base troubleshooting steps without human intervention.,AUTO_HANDLE,"Provide official support guidance, Settings navigation path, or Apple documentation link.",4
golden_200,1335210,When can I order an unlocked iPhone X in the US? I tried to pre-order tonight and only see options for locked versions.,1335209,Great question! Our Online Store team is best suited to help you. You can reach them here: https://t.co/8yjRd1Xo0i,general_guidance,False,Auto-Handled: Resolvable via verified knowledge base troubleshooting steps without human intervention.,AUTO_HANDLE,"Provide official support guidance, Settings navigation path, or Apple documentation link.",4
